Job Family,Skill Family,Core Skill,Sub Skill,Placeholder for tools
Network,Network Data,Routing & Switching,Brocade,-
Network,Network Data,Routing & Switching,Cisco Routing,-
Network,Network Data,Routing & Switching,Force10,-
Network,Network Data,Routing & Switching,Juniper,-
Network,Network Data,Routing & Switching,Fiber Channel Switches ,
Network,Network Data,Routing & Switching,Dell,-
Network,Network Data,Routing & Switching,Extreme,-
Network,Network Data,Routing & Switching,nexsus,-
Network,Network Data,Routing & Switching,Cisco Switching,-
Network,Network Data,Routing & Switching,Aruba,-
Network,Network Data,Routing & Switching,Meraki,-
Network,Network Data,Routing & Switching,Cisco Routers and Switches.,
Network,Network Data,Routing & Switching,Juniper MX,
Network,Network Data,Routing & Switching,Juniper Router ,
Network,Network Data,Routing & Switching,Juniper Switches ,
Network,Network Data,Routing & Switching,Cisco Nexus Switches ,
Network,Network Data,Routing & Switching,Data Center Switching ,
Network,Network Data,Routing & Switching,CCIE Routing & Switching,
Network,Network Data,Routing & Switching,Policy Based Routing,
Network,Network Data,Routing & Switching,Routing Tables,
Network,Network Data,Routing Protocol Management,Enhanced Interior Gateway Routing Protocol,
Network,Network Data,Routing Protocol Management,Open Shortest Path First ,
Network,Network Data,Routing Protocol Management,Broder Gateway Protocol ,
Network,Network Data,Routing Protocol Management,Routing Information Protocol,
Network,Network Data,Routing Protocol Management,Virtual Routing Forwarding,
Network,Network Data,Routing Protocol Management,Dynamic Routing,
Network,Network Data,Routing Protocol Management,Gateway Load Balancing Protocol,
Network,Network Data,Routing Protocol Management,Hot Standby Routing Protocol,
Network,Network Data,Routing Protocol Management,Secure File Transfer Protocol ,
Network,Network Data,WAN Optimization ,Riverbed ,
Network,Network Data,WAN Optimization ,SilverPeak,
Network,Network Data,Loadbalancer,Citrix NetScaler,-
Network,Network Data,Loadbalancer,Kemp,-
Network,Network Data,Loadbalancer, F5 GTM,-
Network,Network Data,Loadbalancer, F5 LTM (Big IP),-
Network,Network Data,Loadbalancer,Failover,
Network,Network Data,Loadbalancer,GRE Tunnels,
Network,Network Voice,Telecom,AVAYA PBX,
Network,Network Voice,Telecom,SIEMENS PBX,
Network,Network Voice,Telecom,Erricson PBX,
Network,Network Voice,Telecom,Public Switch Telephone Network,
Network,Network Voice,Telecom,Synchronous Digital Hierarchy,
Network,Network Voice,Telecom,Passive Optical Networks,
Network,Network Voice,Telecom,Gigabit Capable Passive Optical Network,
Network,Network Voice,Telecom,Optical Network,
Network,Network Voice,Telecom,Call Manager,
Network,Network Voice,Telecom,Fiber Optic Networking,
Network,Network Voice,Telecom,Cisco Emergency Responder,
Network,Network Voice,Telecom,Unified Communications & Collaboration,
Network,Network Voice,Telecom,Unified Comunication Services,
Network,Network Voice,Telecom,Unified Communications  ,
Network,Network Voice,Telecom,Unified Communication Platform,
Network,Network Voice,Telecom,Telephone System,
Network,Network Voice,Telecom,Voice Over IP,
Network,Network Voice,Telecom,Operational Support Systems,
Network,Network Voice,IP TELEPHONY,Cisco,-
Network,Network Voice,IP TELEPHONY,Avaya,-
Network,Network Voice,IP IVR Configuration,IP IVR,
Network,Network Voice,IP Voice Over Sytems,IP Phones,
Network,Network Voice,Call Center Technologies,Avaya,-
Network,Network Voice,Call Center Technologies,Cisco,-
Network,Network Voice,Call Center Technologies,Verint\nice call recording,-
Network,Network Data,Network Client VPN,Juniper SSL VPN,-
Network,Network Data,Network Client VPN,Cisco ASA ,
Network,Network Data,IP/DNS,Infoblox,
Network,Network Data,IP/DNS,BT Diamand,
Network,Network Data,IP/DNS,IP Multicast,
Network,Network Mobility,MDM,Airwatch,
Network,Network Mobility,MDM,BES 5,
Network,Network Mobility,MDM,MaaS360,
Network,Network Mobility,MDM,Xenmobile,
Network,Network Mobility,MDM,BES 12,
Network,Network Mobility,TEM/TLM/CPO,Tangoe,
Network,Network Mobility,TEM/TLM/CPO,Ariba,
Network,Network Mobility,TEM/TLM/CPO,Wireline & Mobile Carriers(ATT/Verizon/L3/BT/OSN),
Network,Network Mobility,TEM/TLM/CPO,CMP,
Network,Network Fundamentals,Networking Fundamentals,Cisco Devices,
Network,Network Fundamentals,Networking Fundamentals,IT Networking,
Network,Network Fundamentals,Networking Fundamentals,Network Protocols,
Network,Network Fundamentals,Networking Fundamentals,Cisco Networking Fundamentals,
Network,Network Fundamentals,Networking Basics,Computer Networking,
Network,Network Fundamentals,Networking Basics,Computer Networking Systems,
Network,Network Fundamentals,Networking Fundamentals,Enterprise Network,
Network,Network Fundamentals,Networking Fundamentals,Enterprise Network Security,
Network,Network Fundamentals,Business Networking Strategy,Business Networking,
Network,Network Fundamentals,Networking Technologies,Cisco Networking Technology,
Network,Network Fundamentals,Networking Technologies,Cisco Technology,
Network,Network Fundamentals,Networking Technologies,Network Management,
Network,Network Fundamentals,Networking Technologies,Network Technologies ,
Network,Network Fundamentals,Networking Technologies,Network Connectivity,
Network,Network Fundamentals,Networking Technologies,Networking Support,
Network,Network Fundamentals,IP Routing,Layer 3 Virtual Private Networks,
Network,Network Fundamentals,IP Routing,Virtual private Networks,
Network,Network Fundamentals,IP Routing,Wide Area Network,
Network,Network Fundamentals,IP Routing,WAN Technologies  ,
Network,Network Fundamentals,IP Routing,WAN Networking ,
Network,Network Fundamentals,IP Routing,IP Networks,
Network,Network Fundamentals,Network Management,Network Configuration Management,
Network,Network Fundamentals,Network Management,Network Monitoring ,
Network,Network Fundamentals,Network Management,Network Monitoring Tools,
Network,Network Fundamentals,Network Management,Networking Tools,
Network,Network Fundamentals,Network Management,Network Troubleshooting,
Network,Network Fundamentals,Network Management,Network Configuration,
Network,Network Fundamentals,Hardware Configuration and Management,Networking Hardware,
Network,Network Fundamentals,Hardware Configuration and Management,Hardware Configurations ,
Network,Network Fundamentals,Hardware Configuration and Management,Apple Macintosh,
Network,Network Fundamentals,Hardware Configuration and Management,Macintosh Hardware,
Network,Network Fundamentals,Hardware Configuration and Management,Server Hardware ,
Network,Network Fundamentals,Hardware Configuration and Management,IT Hardware ,
Network,Network Fundamentals,Network Management,Network Layers,
Network,Network Infrastructure,Network Design & Architecture,Network Design,
Network,Network Infrastructure,Network Design & Architecture,Cisco Digital Network Architecture,
Network,Network Infrastructure,Network Design & Architecture,Cisco IP Telephone Design,
Network,Network Infrastructure,Network Design & Architecture,Cisco QoS,
Network,Network Infrastructure,Network Design & Architecture,Network Infrastructure Architecture,
Network,Network Infrastructure,Network Design & Architecture,5G Core Network Architecture,
Network,Network Infrastructure,Network Design & Architecture,Network Architecture,
Network,Network Infrastructure,Network Design & Architecture,Computer Networking,
Network,Network Infrastructure,Network Design & Architecture,Network Communications,
Network,Network Infrastructure,Network Design & Architecture,Architectural Design,
Network,Networking,Network Design & Management,Communication Networking,
Network,Networking,Network Design & Management,Backbone Network,
Network,Networking,Networking Security Management,IT Network Security,
Network,Networking,Network Administration,IT Network Administration,
Network,Networking,Networking Security Management,Network Security Management,
Network,Networking,Networking Security Management,Network Security Technology,
Network,Networking,Network Configuration,H2,
Network,Networking,Network Configuration,Ethernet,
Network,Networking,Network Configuration,Ethernet Fabrics,
Network,Networking,Network Configuration,Carrier Ethernet ,
Network,Network Infrastructure,Network Management,Local Area Network,
Network,Network Infrastructure,Network Management,Local Area Management,
Network,Network Infrastructure,Network Management,Layer 2 Switching,
Network,Network Infrastructure,Network Management,Layer 2 VPNs,
Network,Network Infrastructure,Network Management,VX LAN,
Network,Network Infrastructure,Network Management,Local Area Network Switching,
Network,Network Infrastructure,Network Management,Metropolitan Area Networks,
Network,Network Infrastructure,Network Management,Metropolitan-Area Ethernet,
Network,Network Infrastructure,Network Management,Virtual Local Area Network,
Network,Network Infrastructure,Network Management,Virtual Private LAN Services  ,
Network,Network Infrastructure,Network Management,Network Management Application,
Network,Network Infrastructure,Network Management,Network Management Solution,
Network,Network Infrastructure,Network Management,Network Monitoring,
Network,Network Infrastructure,Network Management,Network Storage   ,
Network,Network Infrastructure,Network Management,Network Operations,
Network,Network Infrastructure,Network Management,Network Project Management,
Network,Network Infrastructure,Network Management,Enterprise IT Infrastructure,
Network,Network Infrastructure,Network Management Software Administration,Skill Family & Core Skill,
Network,Network Infrastructure,Network Communication Management,Cisco Unified Messaging,
Network,Network Infrastructure,Network Infrastructure Management,Physical Networking,
Network,Network Infrastructure,Network Infrastructure Management,Unified Communication Infrastructure,
Network,Network Infrastructure,Network Device Management,Switch Software,
Network,Network Infrastructure,Operating Systems,Apple Mac OS,
Network,Network Infrastructure,Cisco  ,Cisco Networking Infrastructure,
Network,Network Infrastructure,Cisco  ,Cisco Telephony,
Network,Network Infrastructure,Cisco  ,Integration Services,
Network,Network Infrastructure,Cisco  ,Cisco Technologies,
Network,Network Infrastructure,Cisco  ,Cisco Unified Border Element,
Network,Network Infrastructure,Cisco  ,Cisco Unified Call Manager Express,
Network,Network Infrastructure,Cisco  ,Cisco Unified Contact Center Enterprise ,
Network,Network Infrastructure,Cisco  ,Cisco Unified  Enterprise Attendant Console,
Network,Network Infrastructure,Cisco  ,Cisco Unified Operations Manager,
Network,Network Infrastructure,Cisco  ,Cisco UCS Manager,
Network,Network Infrastructure,Cisco  ,Cisco Unified Presence Server,
Network,Network Infrastructure,Cisco  ,Cisco Unified Customer Voice Portal,
Network,Network Infrastructure,Cisco  ,Cisco Voice Gateway,
Network,Network Infrastructure,Cisco  ,Cisco Servers,
Network,Network Infrastructure,Cisco  ,Cisco Design,
Network,Network Infrastructure,Cisco  ,Cisco UCS Servers,
Network,Network Infrastructure,Cisco  ,Cisco Unity Connection,
Network,Network Infrastructure,Cisco  ,Cisco collabration,
Network,Network Infrastructure,Cisco  ,Cisco IOS,
Network,Network Infrastructure,Cisco  ,Cisco Products ,
Network,Network Infrastructure,Cisco  ,Cisco VCS Expressway,
Network,Network Infrastructure,Cisco  ,Cisco Emergency Responder (CER),
Network,Network Infrastructure,Cisco  ,Cisco Services ,
Network,Network Infrastructure,Cisco  ,Cisco MDS,
Network,Network Infrastructure,Cisco  ,Cisco ACI,
Network,Network Infrastructure,Cisco  ,Cisco NAC,
Network,Network Infrastructure,Cisco  ,Cisco NX-OS,
Network,Network Infrastructure,Cisco  ,Cisco VPN,
Network,Network Infrastructure,Cisco  ,Cisco TCL,
Network,Network Infrastructure,Cisco  ,Cisco Catalyst Switches,
Network,Network Infrastructure,Cisco  ,Cisco Discovery Protocol,
Network,Network Infrastructure,Cisco  ,Cisco SMARTNet,
Network,Network Infrastructure,Cisco  ,Cisco Wirelesss LAN Controller,
Network,Network Infrastructure,IT Infrastructure,Network Components,
Network,Network Infrastructure,IT Infrastructure,IT Network Management,
Network,Network Infrastructure,IT Infrastructure,Network systems,
Network,Network Infrastructure,IT Infrastructure,Global IT Infrastructure ,
Network,Network Infrastructure,IT Infrastructure,Network Engineering,
Network,Network Infrastructure,IT Infrastructure,Network Programming,
Network,Network Infrastructure,IT Infrastructure,Versa Software Defined Wide Area Networks(SD-WAN),
Network,Network Infrastructure,IT Infrastructure,Software Define Networking,
Network,Network Infrastructure,IT Infrastructure,Multiprotocol Label Switching,
Network,Network Infrastructure,IT Infrastructure,MPLS TE,
Network,Network Infrastructure,IT Infrastructure,MPLS Architecture ,
Network,Network Infrastructure,IT Infrastructure,MPLS L3VPN ,
Network,Network Infrastructure,IT Infrastructure,MPLS VPNs,
Network,Network Infrastructure,IT Infrastructure,Nagios,
Network,Network Infrastructure,IT Infrastructure,Power Solutions,
Network,Network Infrastructure,IT Infrastructure,System Center Operations Manager,
Network,Network Infrastructure,Fundamental Abilities,Terraform,
Network,Network Infrastructure,Fundamental Abilities,Terraform Software,
Network,Network Infrastructure,Network Deployment Planning,Network Deployment,
Network,Network Infrastructure,Network Planning & Implementation,Network Migration,
Network,Network Infrastructure,Network Storage Administrature,Storage Area Network,
Network,Network Infrastructure,Network Storage Administrature,Data Center Technologies ,
Network,Network Infrastructure,Network Storage Administrature,Data Center Networks,
Network,Network Infrastructure,Network Storage Administrature,Storage Area Network Management,
Network,Network Infrastructure,Network Storage Administrature,Software-Defined Networking Wide Area Network,
Network,Network Infrastructure,Network Storage Administrature,Storage Networking Software,
Network,Network Infrastructure,Network Storage Administrature,Access Servers,
Network,Network Infrastructure,File Server Administration,Network File Servers,
Network,Network Infrastructure,Network Administration,Networking Solutions,
Network,Network Infrastructure,Network Administration,HP Networking,
Network,Network Infrastructure,Network Administration,Converged Networking,
Network,Network Infrastructure,Network Administration,Network Service,
Network,Network Infrastructure,Network Administration,Cisco Networking Devices,
Network,Network Infrastructure,Network Administration,Information Technology  Infrastructure,
Network,Network Infrastructure,Network System Administration,Network Operating System,
Network,Network Infrastructure,Network Monitoring ,SolarWinds NPM,
Network,Network Infrastructure,Cable Management,Network Cabling,
Network,Network Infrastructure,NetApp SAN Administrations,FreeBSD,
Network,Network Infrastructure,NetApp  ,NetApp NAS,
Network,Network Infrastructure,NetApp  ,NetApp ONTAP,
Network,Network Infrastructure,Server Configuration ,Server Configuration Mangement ,
Network,Network Infrastructure,SAN,EMC Storage Area network,
Network,Network Infrastructure,SAN,Fiber Channel Protocol,
Network,Network Infrastructure,SAN,Network Storage Airays,
Network,Network Infrastructure,SAN,Broacde SAN,
Network,Network Infrastructure,SAN,SAN Infrastructure,
Network,Network Infrastructure,SAN,SAN Storage,
Network,Network Infrastructure,SAN,SAN Technologies,
Network,Network Infrastructure,SAN,Cisco SAN,
Network,Network Infrastructure,SAN,Fibre Channel SAN,
Network,Network Infrastructure,Storage ,EMC VNX,
Network,Network Infrastructure,Storage ,EMC CLARiiON,
Network,Network Infrastructure,Storage ,EMC VNX Storage,
Network,Network Infrastructure,Storage ,Dell EMC Isilon ,
Network,Network Infrastructure,Storage ,EMC Storage  ,
Network,Network Infrastructure,Storage ,EMC Symmetrix,
Network,Network Infrastructure,Storage ,Enterprise Storage,
Network,Network Infrastructure,Storage ,Storage Device ,
Network,Network Infrastructure,Storage ,Storage Services ,
Network,Network Infrastructure,Storage ,Storage Technology ,
Network,Network Infrastructure,Storage ,Logical Volume Management ,
Network,Network Infrastructure,Storage ,Nimble ,
Network,Network Infrastructure,Storage ,Storage Management ,
Network,Network Infrastructure,Storage ,Storage System ,
Network,Network Infrastructure,Storage ,Mass Storage Devices,
Network,Wireless,Wireless Networking,Wireless Networking Technology,
Network,Wireless,Wireless Networking,Network Virtualization,
Network,Wireless,Wireless Networking,Wireless Network Design,
Network,Wireless,Wireless Networking,Wireless Network Management,
Network,Wireless,Wireless Networking,Wireless Network Security,
Network,Wireless,Wireless Networking,Wireless Network Controllers ,
Network,Wireless,Wireless Networking,Cisco Wireless Access Point ,
Network,Wireless,Wireless Networking,Wireless Networks,
Network,Wireless,Wireless Networking,Outdoor Wireless,
Network,Wireless,Cisco Configuration & Management,Cisco Wireless Networking,
Network,Wireless,Wireless Networking,Wireless Access Point,
Network,Wireless,Wireless Networking,Wireless Architecture,
Network,Wireless,Wireless Networking,Wireless Design,
Network,Wireless,Wireless Networking,Wireless LAN design,
Network,Wireless,Wireless Networking,Wireless Security,
Network,Wireless,Wireless Networking,Wireless Security Systems,
Network,Wireless,Wireless Networking,Wireless Solutions,
Network,Wireless,Wireless Networking,Wireless Technologies,
Network,Wireless,Wireless Networking,Wireless Broadband,
Network,Wireless,NOC Operations & Management,Network Security Operations,
Network,Networking,RSVP-TE Configuration,RSVP-TE,
Network,Networking,NOC Operations & Management,Network Operations Center,
Network,Networking,NAT Configuration & Management,Network Address Translation,
Network,Networking,MPLS Configuration & Management,MPLS Networking,
Network,Networking,Switch Configuration & Management,Computer Network Switches,
Network,Networking,Data Configuration & Management ,Data Communication Networks,
Network,Networking,Data Configuration & Management ,Data Networking ,
Network,Networking,Setup Configuration & Management ,Network Setup,
Network,Networking,Security Configuration & Management,Network Security,
Network,Networking,WLAN Configuration & Management,Wireless Local Area Network(WLAN),
Network,Networking,Juniper Configuration & Management,Juniper Networking ,
Network,Networking,Security Configuration & Management,Network Security Monitoring,
Network,Networking,Internet  Configuration & Management,internet Network,
Network,Networking,NAS Configuration & Management,Network - Attached Storage,
Network,Networking,Wi-Fi Network Configuration &Management,Wi Fi Networking,
Network,Networking,SDH Configuration & Management,SDH Network,
Network,Networking,DNA Configuration & Management,Cisco Digital Network Architecture (DNA),
Network,Networking,Application Development& Management  ,Network Applications Software ,
Network,Networking,Application Development& Management  ,Network Applications ,
Network,Networking,Ethernet Configuration,Ethernet,
Network,Networking,Network Management,Tivoli Netcool,
Network,Networking,NFV Implementations,Network Functions Virtualization,
Network,Networking,Palo Alto Networks Adminisration,Palo Alto Networks,
Network,Networking,Palo Alto Networks Adminisration,Palo Alto Networks Panorama,
Network,Networking,Palo Alto Networks Adminisration,Palo Alto Networks Aperture,
Network,Network Security,Palo Alto Networks Adminisration,Palo Alto Networks Advanced Threat Management,
Network,Firewalls,Palo Alto Networks Adminisration,Palo Alto Networks Next Generation Firewall,
Network,Firewalls,Cisco,Cisco Firewalls,
Network,Firewalls,Firewall Management,Firewall Policies,
Network,Operating System,FreeBSD Administration & Configuration,FreeBSD,
Network,Networking,CCNA,Cisco Certified Network Associate,
Network,Networking,Remote Access Management,Remote Access,
Network,Networking,Network Support & Troubleshooting,Network Support ,
Network,Networking,Automation Development and Implementation,Network Automation,
Network,Networking,Automation Development and Implementation,Redhat Ansible ,
Network,Networking,Automation Development and Implementation,Python Programming ,
Network,Networking,Automation Development and Implementation,Automation Scripting,
Network,Networking,Automation Development and Implementation,Automation Tools ,
Network,Networking,Automation Development and Implementation,Process Automations,
Network,Networking,Automation Development and Implementation,DevOps,
Network,Networking,Automation Development and Implementation,Perl Programming,
Network,Networking,Automation Development and Implementation,Perl Scripts ,
Network,Networking,Automation Development and Implementation,Kiwi CatTools ,
Network,Networking,Automation Development and Implementation,Automation Technology ,
Network,Networking,Network Services,Domain Name System,
Network,Networking,Network Services,Dynamic Host Configuration Protocol,
Network,Networking,Network Discovery & Mapping ,Network Discovery ,
Security,User Account  Administration,User Provisioning,"Ms Apps, Active Directory, Exchange, Lync,Lotus notes, Blackberry, smartphones, IDM, Novell iManager,RSA VPN,eFax,RightFax, HR System Applications, Clinical Apps, customized Apps,Financial Apps, Customized WebApps,As400 Servers iseries navigator","Active Directory, IDM, IAM , Novell iManager, Domino Lotus Notes, MS Lync, Blackberry, Smartphone, Efax, Rightfax,RSA,Peoplesoft Apps, Financial and HR Systems Apps,Clinical apps like Cerner, Meditech,Invision,SFDC,Customized WebApps"
Security,User Account  Administration,Mainframe Provisioning,"RACF, JCL, ACF2",
Security,User Account  Administration,"Remedy, Service Now",Ticket Creation,
Security,Security Operation Center (SOC),SIEM,"RSA enVision, ArcSight,Nitro,ESM","RSA enVision, RSA Security Analytics, McAfee ESM, ArcSight ESM, Hawk Network Defense "
Security,Security Operation Center (SOC),Security Policies,Information Security ,HIPAA Security Role
Security,Security Operation Center (SOC),Security Policies,Security Awareness,
Security,Security Operation Center (SOC),Security Policies,Access Server,
Security,Security Operation Center (SOC),Security Policies,Active DOD Secret Clearance,
Security,Security Operation Center (SOC),Operations Management,Tactical Operations,
Security,Security Operation Center (SOC),Operations Management,Security Project Management,
Security,Data Protection,Data Loss Protection,"McAfee DLP, Symantec Vontu, Websence, code green",
Security,Data Center Management,Data Center Configuration,Data Center Swithing,
Security,Data Center Management,Data Center Operations,Data Center Infrastructure Management,
Security,System Settings,Perfomance Monitoring,System Administration,
Security,System Settings,Perfomance Monitoring,Data Center Services,
Security,Emerging Technologies,Identity Management - IDM,"Sailpoint, IBM Tivoli Identity Manager (ITIM), Microsoft Forefront Identity Manager, LDAP",
Security,Emerging Technologies,Two Factor Authentication,"RSA Authentication Manager, Quest Defender",
Security,Emerging Technologies,Single Sign On,"Hitachi Password Management, Siteminder",
Security,Emerging Technologies,Priviledged Access Management,"Lieberman PIM, Quest TPAM, SecretServer",
Security,Emerging Technologies,File Integrity Monitoring,"Tripwire Enterpirse, McAfee Change Control, Signacert, OSSEC",
Security,Emerging Technologies,Managed PKI,Symantec MPKI,
Security,Endpoint Security,Endpoint Anti-Virus Protection,"Symantec SEPM, McAfee EPO, Trend Micro",
Security,Endpoint Security,Endpoint Whole Disk Encryption,"McAfee Safeboot, McAfee EEPC, Dell DDP\E, MBAM Microsoft Bitlocker, Symantec PGP, Data Armour, ",
Security,Endpoint Security,Microsoft Endpoint ,Microsoft Endpoint Configuration Manger ,
Security,Network Security,Network Security - Firewall,"Checkpoint, Cisco,Sonicwall, Palo Alto, Juniper","Firemon, Nitro, NSM, Panoroma"
Security,Network Security,Network Security - Firewall,Cisco ASA Firewall,
Security,Network Security,Network Security - Firewall,Fortinet FortiGate Firewall,
Security,Network Security,Network Security - IDS/IPS,"Sourcefire, Cisco, Tipping Point, Snort, McAfee",McAfee and Cisco Security Manager
Security,Network Security,IT security ,IT security Governence ,
Security,Network Security,IT security ,IT Security Management ,
Security,Network Security,IT security ,Security Audit ,
Security,Network Security,IT security ,Security Evaluations,
Security,Network Security,IT security ,Security Governence ,
Security,Network Security,IT security ,Security Information Management ,
Security,Network Security,IT security ,Security Risk Assessment ,
Security,Network Security,IT security ,Secuirty Risk Management ,
Security,Network Security,IT security ,System Backups,
Security,Network Security,Cryptography ,Public Key Infrastructure ,
Security,Network Security,Network Security - Content Filtering,"Bluecoat, Websense, McAfee Webgateway, Bluecoat Threatpulse","Bluecoat Reporter, Bluecoat Director"
Security,Network Security,Network Securrity - ACS,"Cisco, Cisco Security",DMZ/MDMZ/Copr ACS
Security,Network Security,Internet Protocol,IP Network Security,
Security,Network Security,Network Security - Protocol,Network Sniffing,
Security,Network Security,Network Security Knowledge & Sales,Network Security Sales,
Security,Network Security,Network Securrity - Cisco,Cisco Trust Sec,
Security,Network Security,Information Technology,Information Technology Systems,
Security,Network Security,Information Technology,Identity Access Management ,
Security,Network Security,Identity & Access Management,Directory Services,
Security,Network Security,Information Assurance ,Information Assurance Management ,
Security,Network Security,Information Assurance ,Information Security Assesment ,
Security,Cyber Security ,Information Security,System Integration Testing,
Security,Cyber Security ,Informration Security ,Information Security Policies,
Security,Cyber Security ,Informration Security ,Information Technology Security,
Security,Cyber Security ,Informration Security ,Information Technology Assessments ,
Security,Cyber Security ,Informration Security ,IT Service Continuity  Management ,
Security,Cyber Security ,Informration Security ,Information Security Auditing ,
Security,Cyber Security ,Informration Security ,Information Security Awarness ,
Security,Cyber Security ,Informration Security ,Information Security Management ,
Security,Cyber Security ,Informration Security ,Information Security Services ,
Security,Cyber Security ,Informration Security ,Information Technology Risk ,
Security,Cyber Security ,Informration Security ,Information Technology Risk Management ,
Security,Cyber Security ,Informration Security ,ISO 17799,
Security,Cyber Security ,Informration Security ,ISO 27000,
Security,Cyber Security ,Risk Assessment & Mitigation,Risk Analysis,
Security,Cyber Security ,Risk Assessment & Mitigation,Risk Assesment ,
Security,Cyber Security ,Risk Assessment & Mitigation,Valnurability Management ,
Security,Cyber Security ,Access Control Management,Security Access Control,
Security,Cyber Security ,Informration Security ,Cyber Security Management,
Security,Cyber Security ,Informration Security ,Information Security Awareness Training,
Security,Cyber Security ,Informration Security ,Information Security Risk Assesments ,
Security,Cyber Security ,Informration Security ,IT System Security ,
Security,Cyber Security ,Informration Security ,Application Security ,
Security,Cyber Security ,Regulatory Complience ,FISMA,
Security,Cyber Security ,Regulatory Complience ,Payement Card Industry ,
Security,Cyber Security ,Threat Assesment  And Response ,Homeland Security ,
Hybrid and Multicloud,Active Directory,Microsoft Directory Services,AD Powershell Scripting,
Hybrid and Multicloud,Active Directory,Microsoft Directory Services,AD RMS,
Hybrid and Multicloud,Active Directory,Microsoft Directory Services,"AD Security  (Security Auditing, Security Compliance Manager, Security Identifiers, Security Descriptors, Access Control Lists and Security Principals)",
Hybrid and Multicloud,Active Directory,Microsoft Directory Services,"Certificate (CA, Certificate Services, PKI)",
Hybrid and Multicloud,Active Directory,Microsoft Directory Services,DFS / DFSR / DFSN,
Hybrid and Multicloud,Active Directory,Microsoft Directory Services,Migration and Organization (ADMT),
Hybrid and Multicloud,Active Directory,Microsoft Directory Services,AD Integrated DNS and WINS,
Hybrid and Multicloud,Active Directory,Microsoft Directory Services,"AD LDS, Search and Publication Technologies(LDAP) ",
Hybrid and Multicloud,Active Directory,Microsoft Directory Services,Group Policy Support,
Hybrid and Multicloud,Active Directory,Microsoft Directory Services,"Identity and authentication (Kerberos, NTLM)",
Hybrid and Multicloud,Active Directory,Microsoft Directory Services,"On Prem AD (Trusts, Domains, Forests, Replication)",
Hybrid and Multicloud,Bus Continuity & Disaster Recovery,DR Planning and Execution,"Architecture, Process Consulting, Business Continuity Strategy, DR Strategy Development, DR Test planning and Development.",
Hybrid and Multicloud,Bus Continuity & Disaster Recovery,DR Planning and Execution,DR Execution and coordination,
Hybrid and Multicloud,Cloud,Amazon Cloud Management,Amazon Web Services,
Hybrid and Multicloud,Cloud,Amazon Cloud Management,AWS Cloud Computing,
Hybrid and Multicloud,Cloud,Amazon Cloud Management,AWS Cloud Formation,
Hybrid and Multicloud,Cloud,Amazon Cloud Management,AWS Configuration,
Hybrid and Multicloud,Cloud,Google Cloud,Google Cloud,
Hybrid and Multicloud,Cloud,Microsoft Cloud,Azure Backup,
Hybrid and Multicloud,Cloud,Microsoft Cloud,Azure Cloud Virtualization (VMs and VM Management),
Hybrid and Multicloud,Cloud,Microsoft Cloud,"Azure Off Prem AD (ADFS, Cloud AD)",
Hybrid and Multicloud,Cloud,Microsoft Cloud,Azure On Prem,
Hybrid and Multicloud,Cloud,Microsoft Cloud,Microsoft Azure,
Hybrid and Multicloud,Cloud,Microsoft Cloud,Cloud Storage,
Hybrid and Multicloud,Cloud,Rackspace Cloud,Rackspace Cloud,
Hybrid and Multicloud,Cloud,Rackspace Cloud,Rack Design,
Hybrid and Multicloud,Cloud,Cloud Networking Architecture,Cloud Networking,
Hybrid and Multicloud,Cloud,Cloud Computing ,Cloud Architecture,
Hybrid and Multicloud,Cloud,Cloud Computing ,OpenStack,
Hybrid and Multicloud,Cloud,Cloud Computing ,Cloud Engineering,
Hybrid and Multicloud,Cloud,Cloud Computing ,Desktop Cloud ,
Hybrid and Multicloud,Cloud,Cloud Formation,Infrastructure as Cloud ,
Hybrid and Multicloud,Cloud,Cloud Formation,Cloud Infrastructure,
Hybrid and Multicloud,Cloud,Cloud Formation,Cloud Infrastructure Management,
Hybrid and Multicloud,Cloud,Cloud Computing ,AWS Directory Service,
Hybrid and Multicloud,Server & Platform,HP PA-RISC/ Itanium,,
Hybrid and Multicloud,Server & Platform,IBM iSeries ,"System Architecture, System Planning Tool, Configuration and Setup",
Hybrid and Multicloud,Server & Platform,IBM pSeries - rack and blade servers,,
Hybrid and Multicloud,Server & Platform,IBM zSeries,"2828 (BC12), 2818 (Z114) & 2098 (Z10) System Architecture, System Planning Tool, Configuration and Setup",
Hybrid and Multicloud,Server & Platform,Intel based Blade Servers & Chassis,Dell,
Hybrid and Multicloud,Server & Platform,Intel based Blade Servers & Chassis,HP,
Hybrid and Multicloud,Server & Platform,Intel based Blade Servers & Chassis,IBM,
Hybrid and Multicloud,Server & Platform,Intel based modular & converged servers,Cisco (UCS),
Hybrid and Multicloud,Server & Platform,Intel based modular & converged servers,"Dell (FC, FX2, La Jolla, VRTX, XC)",
Hybrid and Multicloud,Server & Platform,Intel based modular & converged servers,HP,
Hybrid and Multicloud,Server & Platform,Intel based modular & converged servers,IBM,
Hybrid and Multicloud,Server & Platform,Intel based modular & converged servers,VCE (Vblock),
Hybrid and Multicloud,Server & Platform,Intel based rack/ tower servers,Dell,
Hybrid and Multicloud,Server & Platform,Intel based rack/ tower servers,HP,
Hybrid and Multicloud,Server & Platform,Intel based rack/ tower servers,IBM,
Hybrid and Multicloud,Server & Platform,Intel interfaced Direct and Modular attached storage,"Dell, HP, IBM",
Hybrid and Multicloud,Server & Platform,Oracle Sparc,,
Hybrid and Multicloud,Server & Platform,Server Hardware Management,Computer Server Equipment,
Hybrid and Multicloud,Server & Platform,Server Hardware Management,Computer Server  ,
Hybrid and Multicloud,Server & Platform,AIX LPAR/ VPAR/ WPAR,,
Hybrid and Multicloud,Server & Platform,HP Ignite,,
Hybrid and Multicloud,Server & Platform,HP-UX Operating System,,-
Hybrid and Multicloud,Server & Platform,IBM AIX Operating System,,-
Hybrid and Multicloud,Server & Platform,IBM NIM Server,,
Hybrid and Multicloud,Server & Platform,iSeries Business Continuity,Save/Restore ,
Hybrid and Multicloud,Server & Platform,iSeries Business Continuity,VTL with iSeries,
Hybrid and Multicloud,Server & Platform,iSeries High Availability,"HW - EMC Timefinder, IBM Flashcopy. IBM IASP's ",
Hybrid and Multicloud,Server & Platform,iSeries High Availability,SW - MIMIX/Vision,
Hybrid and Multicloud,Server & Platform,iSeries Operating System,"OS400, 3rd party SW, Tuning, problem resolution,security, audit, budget,vendor management Etc. ",
Hybrid and Multicloud,Server & Platform,iSeries Virtualization,VIOS/HyperV/HMC/LPAR,
Hybrid and Multicloud,Server & Platform,Linux Kickstart,Linux Bash,
Hybrid and Multicloud,Server & Platform,Linux Kickstart,Linux Bash Shell,
Hybrid and Multicloud,Server & Platform,Linux Operating System,Linux Security,
Hybrid and Multicloud,Server & Platform,Linux Operating System,Linux shell Scripting,
Hybrid and Multicloud,Server & Platform,Linux Operating System,Ubuntu Linux Server,
Hybrid and Multicloud,Server & Platform,Linux Operating System,Debian,-
Hybrid and Multicloud,Server & Platform,Mail Transfer Agents,"Postfix, Sendmail, Qmail, Exim",
Hybrid and Multicloud,Server & Platform,Microsoft Server Core OS,"3rd Party Backup Client Application Troubleshooting (TSM, Commvault, Symantec, etc.)",
Hybrid and Multicloud,Server & Platform,Microsoft Server Core OS,Core OS PowerShell and VBS Scripting,
Hybrid and Multicloud,Server & Platform,UNIX/ Linux File Server,"SMB, NFS, FTP, SFTP",
Hybrid and Multicloud,Server & Platform,UNIX/ Linux Printer Services,"CUPS, Printer Queue",
Hybrid and Multicloud,Server & Platform,Microsoft Server Core OS,File Services (SMB and NFS),
Hybrid and Multicloud,Server & Platform,Microsoft Server Core OS,Print Services Core Functionality,
Hybrid and Multicloud,Server & Platform,Microsoft Server Core OS,"High Availability - Clustering, NLB",
Hybrid and Multicloud,Server & Platform,Microsoft Server Core OS,"IIS (Web, SFTP and FTP) Core Functionality",
Hybrid and Multicloud,Server & Platform,Microsoft Server Core OS,"Patching (WSUS, SCCM, KACE)",
Hybrid and Multicloud,Server & Platform,Microsoft Server Core OS,"Setup (Firmware, Drivers, and Provisioning) (MDT, WDS)",
Hybrid and Multicloud,Server & Platform,Microsoft Server Core OS,"Systems Management and Deployment (KACE, SCCM, SCOM)",
Hybrid and Multicloud,Server & Platform,Microsoft Server Core OS,Terminal Services / RDP,
Hybrid and Multicloud,Server & Platform,Microsoft Server Core OS,Windows Backup / Disaster Recovery,
Hybrid and Multicloud,Server & Platform,Microsoft Server Core OS,"Windows Monitoring (KACE, Foglight, BCM, NetIQ, Solar Winds, etc)",
Hybrid and Multicloud,Server & Platform,Microsoft Server Core OS,Windows Performance (PerfMon),
Hybrid and Multicloud,Server & Platform,Microsoft Server Core OS,WMI / WinRM / SNMP,
Hybrid and Multicloud,Server & Platform,Microsoft Server Operating System,"Legacy Versions (NT, 2000, 2003)",
Hybrid and Multicloud,Server & Platform,Microsoft Server Operating System,Server 2008 / 2008 R2,
Hybrid and Multicloud,Server & Platform,Microsoft Server Operating System ,Server 2012 / 2012 R2,
Hybrid and Multicloud,Server & Platform,Microsoft Server Operating System ,Server 2016 and beyond,
Hybrid and Multicloud,Server & Platform,Microsoft Server Operating System ,Operating System Administration,
Hybrid and Multicloud,Server & Platform,Microsoft Server OS Networking,Access / RAS / NPS / NAP / VPN,
Hybrid and Multicloud,Server & Platform,Microsoft Server OS Networking,Windows DHCP / WINS / IPAM Server / NLB,
Hybrid and Multicloud,Server & Platform,Microsoft Server OS Security,Certificate Services,
Hybrid and Multicloud,Server & Platform,Microsoft Server OS Security,"KMS, Bitlocker",
Hybrid and Multicloud,Server & Platform,Microsoft Server OS Security,Windows Firewall,
Hybrid and Multicloud,Server & Platform,Microsoft Server OS Security,"Security Audit Remediation (PCI, ROC, ISO, HIPPA, etc.)",
Hybrid and Multicloud,Server & Platform,Microsoft Server OS Security,Server OS Hardening,
Hybrid and Multicloud,Server & Platform,Microsoft Server OS Security,Microsoft Windows Server,
Hybrid and Multicloud,Server & Platform,Microsoft Server OS Security,Microsoft Windows Support,
Hybrid and Multicloud,Server & Platform,Novell Netware Operating System,,-
Hybrid and Multicloud,Server & Platform,OS Security,"Security Audit Remediation (PCI, ROC, ISO, HIPPA, etc.)",
Hybrid and Multicloud,Server & Platform,OS Security,Server Hardening,
Hybrid and Multicloud,Server & Platform,Red Hat Satelite Server,,
Hybrid and Multicloud,Server & Platform,Solaris Jumpstart,,
Hybrid and Multicloud,Server & Platform,Solaris Operating System,,-
Hybrid and Multicloud,Server & Platform,Server Architecture ,,
Hybrid and Multicloud,Server & Platform,junos  ,,
Hybrid and Multicloud,Server & Platform,Microsoft Exchange Server ,,
Hybrid and Multicloud,Server & Platform,UNIX Authentication,"NIS, Kerberos",
Hybrid and Multicloud,Server & Platform,UNIX Networking,"Networking, SNMP, DNS, DHCP, Bind",
Hybrid and Multicloud,Server & Platform,UNIX/ Linux Backup/ DR,UNIX Security,
Hybrid and Multicloud,Server & Platform,UNIX/ Linux High Availability ,HP M/C Service Guard,
Hybrid and Multicloud,Server & Platform,UNIX/ Linux High Availability ,IBM PowerHA/ HACMP,
Hybrid and Multicloud,Server & Platform,UNIX/ Linux High Availability ,Oracle Sun Cluster,
Hybrid and Multicloud,Server & Platform,UNIX/ Linux High Availability ,Red Hat Cluster Suite,
Hybrid and Multicloud,Server & Platform,UNIX/ Linux High Availability ,Veritas Cluster/ Geo Cluster,
Hybrid and Multicloud,Server & Platform,UNIX/ Linux Web server ,"Apache, Tomcat",
Hybrid and Multicloud,Server & Platform,UNIX/Linux OS Scripting,"Shell Scripting, Perl, PHP",
Hybrid and Multicloud,Server & Platform,Linux  ,Linux System Administration,
Hybrid and Multicloud,Server & Platform,Redhat ,RedHat,
Hybrid and Multicloud,Server & Platform,Microsoft ,Microsoft Server Administration,
Hybrid and Multicloud,Server & Platform,Microsoft ,Microsoft Server Operating Systems,
Hybrid and Multicloud,Server & Platform,Microsoft ,Microsoft Windows Server Platform,
Hybrid and Multicloud,Server & Platform,Server Management ,Server Administration,
Hybrid and Multicloud,Server & Platform,Server Management ,Server Configurations,
Hybrid and Multicloud,Server & Platform,Server Management ,Server Technologies,
Hybrid and Multicloud,Server & Platform,Server Management ,Server Hardware Configuration,
Hybrid and Multicloud,Server & Platform,Server Management ,Server Infrastructure,
Hybrid and Multicloud,Server & Platform,Server Management ,Server Installations,
Hybrid and Multicloud,Virtualization,Citrix,,
Hybrid and Multicloud,Virtualization,Citrix,Citrix Security (NetScaler),
Hybrid and Multicloud,Virtualization,Citrix,Desktop Virtualization (XenDesktop),
Hybrid and Multicloud,Virtualization,Citrix,Provisioning (PVS/MCS),
Hybrid and Multicloud,Virtualization,Citrix,Server Virtualization (XenServer),
Hybrid and Multicloud,Virtualization,Converged Infrastructure,Cisco UCS,
Hybrid and Multicloud,Virtualization,Converged Infrastructure,"Dell VRTX, FX2",
Hybrid and Multicloud,Virtualization,Converged Infrastructure,Nutanix,
Hybrid and Multicloud,Virtualization,Converged Infrastructure,VCE Vblock,
Hybrid and Multicloud,Virtualization,Converged Infrastructure,VMWare EVO Rail,
Hybrid and Multicloud,Virtualization,Converged Infrastructure,Virtual Infrastructure ,
Hybrid and Multicloud,Virtualization,Converged Infrastructure,VMware Converter,
Hybrid and Multicloud,Virtualization,Converged Infrastructure,Hyper Converged Infrastructure,
Hybrid and Multicloud,Virtualization,Converged Infrastructure,Nutanix Architecture,
Hybrid and Multicloud,Virtualization,IBM Server Virtualization,IBM PowerVM/ VIO,
Hybrid and Multicloud,Virtualization,Virtualization Management,Infrastructure Virtualization,
Hybrid and Multicloud,Virtualization,Linux Virtualization,"KVM, Xen",
Hybrid and Multicloud,Virtualization,Linux Virtualization,Red Hat Enterprise Virtualization,
Hybrid and Multicloud,Virtualization,Microsoft Server Virtualization,Application Virtualization (App-V),
Hybrid and Multicloud,Virtualization,Microsoft Server Virtualization,Desktop Virtualization (RDS),
Hybrid and Multicloud,Virtualization,Microsoft Server Virtualization,Hyper-V Powershell Scripting,
Hybrid and Multicloud,Virtualization,Microsoft Server Virtualization,SCVMM,
Hybrid and Multicloud,Virtualization,Microsoft Server Virtualization,Server Virtualization (Hyper-V),
Hybrid and Multicloud,Virtualization,Oracle Virtualization,Oracle Solaris Zones,
Hybrid and Multicloud,Virtualization,Oracle Virtualization,Oracle Virtual Manager,
Hybrid and Multicloud,Virtualization,VMware,Cloud Management (vRealize),
Hybrid and Multicloud,Virtualization,VMware,Cloud/ Virtualization (vCloud),
Hybrid and Multicloud,Virtualization,VMware,Desktop Virtualization (Horizon (VDI),
Hybrid and Multicloud,Virtualization,VMware,Network Virtualization (NSX),
Hybrid and Multicloud,Virtualization,VMware,"Server Virtualization (ESX, ESXi)",
Hybrid and Multicloud,Virtualization,VMware,Storage Virtualization (Virtual SAN),
Hybrid and Multicloud,Virtualization,VMware,"vCenter (Provision, Troubleshoot, Resource Mgmt)",
Hybrid and Multicloud,Virtualization,VMware,Vmware vSphereHypervisor,
Hybrid and Multicloud,Virtualization,VMware,VMWare vSphereHypervisor,
Hybrid and Multicloud,Virtualization,VMware,VMWare VDI,
Hybrid and Multicloud,Virtualization,VMware,VMware Cloud Foundation ,
Hybrid and Multicloud,Virtualization,VMware,VMware NSX,
Hybrid and Multicloud,Virtualization,VMware,VMware View ,
Hybrid and Multicloud,Virtualization,VMware,VMware VMotion ,
Hybrid and Multicloud,Virtualization,VMware,VMware ESX vSphere,
Hybrid and Multicloud,Virtualization,VMware,VMware HA,
Hybrid and Multicloud,Virtualization,VMware,VMware Software Manager,
Hybrid and Multicloud,Virtualization,VMware,VMware vCenter Configuration Manager,
Hybrid and Multicloud,Virtualization,VMware,VMware vCenter Operations Manager,
Hybrid and Multicloud,Virtualization,VMware,VMware Virtual Infrastructure,
Hybrid and Multicloud,Virtualization,VMware,VMware vRealize Automation (vRA),
Hybrid and Multicloud,Virtualization,VMware,VMware vSAN,
Hybrid and Multicloud,Virtualization,VMware,VMware vShield,
Hybrid and Multicloud,Virtualization,VMware,VMware vSphere Storage Appliance (VSA),
Hybrid and Multicloud,Virtualization,VMware,VMware vSphere With Operations Management,
Hybrid and Multicloud,Virtualization,Data Center,Data Center Virtualization ,
Hybrid and Multicloud,Virtualization,Data Center,Data Center Hosting,
Hybrid and Multicloud,Virtualization,Data Center,Data Center Automation,
Hybrid and Multicloud,Virtualization,Data Center,Data Center Cooling,
Hybrid and Multicloud,Virtualization,Data Center,Data Center Operations,
Hybrid and Multicloud,Virtualization,Desktop,Desktop Virtualization,
Hybrid and Multicloud,Data ,Data Protection ,Veeam Backup and Replication,
Hybrid and Multicloud,Data ,Database Management,configuration database management,
Hybrid and Multicloud,Data ,Database Management,Micro Focus Universal Configuration Management Database (UCMDB),
Hybrid and Multicloud,Data ,Database Management,Database Systems ,
Hybrid and Multicloud,Data ,Data Analysis,Comm Vault,
Hybrid and Multicloud,Data ,Data Analysis,Dashboard Reporting ,
Hybrid and Multicloud,Data ,Data Analysis,Data Science ,
Hybrid and Multicloud,Data ,Data Analysis,Trend Analysis ,
Hybrid and Multicloud,Data ,Data Analysis,Statical Data Analysis ,
Hybrid and Multicloud,Data ,Data Storage & Management,NetApp,
Hybrid and Multicloud,Data ,Data Storage & Management,VERITAS NetBackup,
Hybrid and Multicloud,Data ,Data Storage & Management,Object Storage,
Hybrid and Multicloud,Data ,Data Storage & Management,Server Storage ,
Hybrid and Multicloud,Data ,Data Storage & Management,Colocation,
Hybrid and Multicloud,Data ,Data Storage & Management,Data Center Architecture,
Hybrid and Multicloud,Data ,Data Storage & Management,Data Storage System,
Hybrid and Multicloud,Data ,Data Storage & Management,EMC Data Domain ,
Hybrid and Multicloud,Data ,Data Storage & Processing,Data Lake,
Hybrid and Multicloud,Data ,Data Storage & Processing,Data Mapping,
Hybrid and Multicloud,Data ,Data Center,Data Center Monitoring,
Hybrid and Multicloud,Data ,Data Center,Data Center Optimisation,
Hybrid and Multicloud,Data ,Data Center,Data Center Strategy,
Hybrid and Multicloud,Data ,Data Center,Data Center Projects,
Hybrid and Multicloud,Data ,Data Center,Data Center Support,
Hybrid and Multicloud,Data ,Data Center,Data Center Technology ,
Hybrid and Multicloud,Data ,Data Center,Modular Data Center,
Hybrid and Multicloud,Software Development ,API Programming ,RestFul Api,
Hybrid and Multicloud,Data Protection,Veritas,Veritas NetBackup,
Hybrid and Multicloud,Data Protection,Veritas,Veritas BackupExec,
Hybrid and Multicloud,Data Protection,Veritas,Ops Center Reporting,
Hybrid and Multicloud,Data Protection,Veritas,Veritas NetBackup Appliances,
Hybrid and Multicloud,Data Protection,IBM,Tivoli Storage Manager,
Hybrid and Multicloud,Data Protection,IBM,TSM for Virtual Environment,
Hybrid and Multicloud,Data Protection,IBM,IBM Spectrum Protect,
Hybrid and Multicloud,Data Protection,IBM,Tivoli Data Protection,
Hybrid and Multicloud,Data Protection,IBM,"IBM 3584, 3576, 3582, ",
Hybrid and Multicloud,Data Protection,IBM,Operational Reporting,
Hybrid and Multicloud,Data Protection,EMC,EMC Avamar,
Hybrid and Multicloud,Data Protection,EMC,DPA,
Hybrid and Multicloud,Data Protection,EMC,EMC NetWorker,
Hybrid and Multicloud,Data Protection,Simpana ,CommVault,
Hybrid and Multicloud,Data Protection,Simpana ,Intelli Snapshot Management,
Hybrid and Multicloud,Data Protection,Simpana ,Continuous Data Replication ,
Hybrid and Multicloud,Data Protection,Simpana ,CommNet,
Hybrid and Multicloud,Data Protection,Next Genration,CommVault,
Hybrid and Multicloud,Data Protection,Quantum,Scalar iSeries,
Hybrid and Multicloud,Data Protection,HP ,MSL Tape Libraries,
Hybrid and Multicloud,Data Protection,Dell ,Tape Library,
Hybrid and Multicloud,Data Protection,Dell ,NetVault,
Hybrid and Multicloud,Database Administration,Oracle,"Knowledge of Linux/Unix, Windows OS , Shell Scripting,Installation,Configuration,Upgrades/Patches,DDL Composition, Execution,and Data Modeling,PL/SQL Review and Composition,Data Guard/Failover,Disaster Recovery Design/Execution,ASM Administration,Backup and Recovery,Oracle Enterprise Manager/Grid Control,Backup Encryption,Data Partitioning,Database Masking,Database Vault,Exadata,Auditing,Security Administration,Encryption via TDE/Wallet,Hadoop Integration,In-Memory Database / TimesTen,Oracle Fail Safe,Oracle Multi-Tenancy/Pluggable Databases.",
Hybrid and Multicloud,Database Administration,Oracle,"Real Application Cluster,O/S Clustering, Harton works",
Hybrid and Multicloud,Database Administration,Microsoft SQL Server,"Knowledge of Windows Server O/S,Installation,Configuration,Upgrades/Patch management,DDL composition, execution,T-SQL review and composition and data modeling Backup and recovery,Bulk Copy,Auditing,Policy Management,Disaster Recovery Design/Execution,SQL Server Reporting Services (SSIS),SQL Server Integration Services (SSRS),SQL Server Analysis Services (SSAS),SQL Server Migration Assitant (SSMS),Data Compression,Data Partioning,Transparent Data Encryption (TDE),Powershell Scripting,Azure Development and management.",
Hybrid and Multicloud,Database Administration,Microsoft SQL Server,"Database Clustering,Replication,Log Shipping,Mirroring.",
Hybrid and Multicloud,Database Administration,SAP/Sybase,"Knowledge of Windows Server O/S,Unix/Linux,Shell Scripting,DDL composition, execution,and data modeling,Transact-SQL review and composition,Adminsitration ,Troubleshooting and Performance Tuning,Replication,
Replication with multi-site availability,SAP/Sybase ASE Cluster Edition Implemetation in O/S cluster technologies ,HANA administration,Semantic data partitioning,
Encryption ,SAP/Sybase IQ,Hadoop Integration,In-memory database option ",
Hybrid and Multicloud,Database Administration,DB2,"Windows Server O/S,Administration,troubleshooting and problem determination, Unix / Linux ,Shell scripting 
Migration,Backup and recovery,DDL composition, execution,and data modeling SQL review and composition, DML,Operational Analytics System (PDOA) IBM Smart Analytics Disaster Recovery Design/Execution
",
Hybrid and Multicloud,Database Administration,DB2," High-Availability (HADR )and Replication (Q,SQL Replication) O/S Clustering (HACMP) IBM PureScale.",
Hybrid and Multicloud,Database Administration,MYSQL,"Unix / Linux Skills,Shell Scripting,Windows Skills,Installation,Upgrades/Patches,DDL composition, execution,and data modeling SQL review and composition, DML 
Disaster Recovery Design/Execution ,Backup and Recovery ,Performance Tuning/Troubleshooting,Encription,Auditing ,Secutiry Administration.",
Hybrid and Multicloud,Database Administration,MYSQL,"MySQL Fabric,MySQL Replication,Galera Cluster,MySQL Cluster. SQL Server Installation ",
Hybrid and Multicloud,Database Administration,Cache,"Database administration ,Troubleshooting and problem determination,Backup and recovery,Unix / Linux ,Windows Server O/S,Disaster Recovery Design/Execution ,High Availability",
Hybrid and Multicloud,Database Administration,Informix,"Windows Skills,Unix/ Linux Skills Shell Scripting,Installation Upgrades/Patches,OS Level Storage Management,Data Partitioning,Encryption,Disaster Recovery Design/Execution,Backup and Recovery,Database Administration,Performance Tuning/Troubleshooting,Auditing,Security Administration
",
Hybrid and Multicloud,Database Administration,Database Management & Administration ,"High Availability,Enterprise Replication,High Availability Data Replication",
Hybrid and Multicloud,Database Administration,Database Management & Administration ,NoSQL,
Accounts,Accounting,Account Payable Management,Account Payable Process,
Accounts,Accounting,Account Payable Management,Invoices ,
Accounts,Accounting,Account Payable Management,Invoices Approval ,
Accounts,Accounting,Account Payable Management,Invoice Payments,
Accounts,Accounting,Account Payable Management,Invoice Processing,
Accounts,Accounting,Account Payable Management,Accounting Payroll,
Accounts,Accounting,Account Receivable Management ,Accounts Receivable,
Accounts,Accounting,Account Receivable Management ,Accounts Receivable Analysis,
Accounts,Accounting,Account Receivable Management ,Accounts Receivable Collections,
Accounts,Accounting,Accounts Management,Renewal,
Accounts,Accounting,Account Management,Accountability,
Accounts,Accounting,Account Management,Accounting Journal Entries,
Accounts,Accounting,Account Management,Accounting Research,
Accounts,Accounting,Account Management,Accounting Processes,
Accounts,Accounting,Account Reconciliation,Accounting Reconciliation,
Accounts,Accounting,Account Reconciliation,Account Business Development,
Accounts,Accounting,Fixed Asset Management ,Fixed Asset Accounting ,
Accounts,Accounting,Statistics Data,Statistical Data Analysis,
Finance,Tax Management,Taxation Software Configuration & Administration,Taxation Software,
Finance,Tax Compliance,Tax Planning,Taxes,
Finance,Disbursement,Commission Management,Commissions,
Finance,General Ledger Techniques ,Financial Reconciliation,General Ledger Reconciliations,
Finance,Financial Planning and Analysis,Budgeting and Forecasting,Financial Management,
Finance,Financial Planning and Analysis,Budgeting and Forecasting,Financial Analysis,
Finance,Financial Planning and Analysis,Budgeting and Forecasting,Budget Management,
Finance,Financial Planning and Analysis,Financial Data Analysis ,Financial Data ,
Finance,Financial Planning and Analysis,Financial Data Analysis ,Financial Project Management,
Finance,Transaction Processing,Payment Processing,Financial Processing,
Finance,Payroll Management,Payroll Processing,Payroll,
Finance,Credit Management,Collections Management,Debt collection ,
Finance,Banking Operations,Transaction Processing,Bank Deposits,
Finance,Banking Operations,Transaction Processing,Bank Reconciliations,
Administrative,Project Management ,Administrative Operations,Administrative Project Management,
Administrative,Document Management,Electronic Document Organisation,Electronic Filing,
Administrative,Safety Complainance,Implementing Safety Standards & Regulations,Safety Standards,
Administrative,Operation & Management ,System Configuration & Maintance ,System Administration,
Administrative,Operation & Management ,System Configuration & Maintance ,Computer Systems,
Administrative,Operation & Management ,Software Maintance ,Software Implementation ,
Administrative,Operation & Management ,Software Maintance ,Maintainance Contracts,
Administrative,Operation & Management ,Software Maintance ,Software Installations ,
Administrative,Operation & Management ,Administration,Office Administration,
Administrative,Operation & Management ,Administration,Personnel Actions,
Administrative,Operation & Management ,Administration,Personnel Administration,
Administrative,Operation & Management ,Administration,System Implementation,
Administrative,Operation & Management ,Administration,Contract Administration,
Administrative,Desktop Infrastructure ,Desktop Configuration & Administration,Desktop Computers,
Administrative,Desktop Infrastructure ,Desktop Configuration & Administration,Business Systems Integration,
Administrative,Peripheral Device Management,Printer Configuration & Administration,Printers,
Administrative,Peripheral Device Management,Printer Configuration & Administration,Print Server,
Administrative,Peripheral Device Management,Printer Configuration & Administration,Printer Support ,
Business,Strategy Development,Strategy Planning & Execution,InformationTechnology Strategies,
Business,Strategy Development,Strategy Planning & Execution,Business Proof Design,
Business,Strategy Development,Strategy Planning & Execution,Business Support Systems,
Business,Performance Management ,Business Management,Quarterly Business Reviews,
Business,Product Management,Technical Product Strategy,Technical Product Management,
Business,Project Management,Collaboration Strategies,Cross-Team Collaboration,
Business,Project Management,Project Execution,Executing Project ,
Business,Project Management,Developing and Implementing ,Action Planning ,
Business,Project Management,Organisation,Visual Management,
Business,Project Management,Organisation,Release Management,
Business,Project Management,Organisation,Exchange Server Administration,
Business,Project Management,Organisation,Enterprise System Administration,
Business,Project Management,Organisation,Organizational Changes,
Business,Project Management,Organisation,Organizational Implementation,
Business,Project Management,Organisation,Organizational Improvement,
Business,Project Management,Organisation,Organizational Strategy,
Business,Business Management,Product Development Strategy,Product Implementation,
Business,Business Management,Product Development Strategy,Product Management,
Business,Business Management,Product Development Strategy,Product Owndership,
Business,Business Management,Product Development Strategy,Information Technology Strategy,
Business,Business Management,Product Development Strategy,Software Rollouts ,
Business,Project Management,Project Planning ,Site Inspection,
Business,Project Management,Project Planning ,Project Structuring ,
Business,Project Management,Project Planning ,Handovers ,
Business,Project Management,Project Planning ,Resource Planning ,
Business,Project Management,Project Planning ,Resource Management,
Business,Project Management,Project Planning ,Organizing ,
Business,Project Management,Project Planning ,Event Planning ,
Business,Project Management,Project Planning ,Program Management,
Business,Project Management,Project Planning ,Project Management Lifecycle,
Business,Project Management,Project Planning ,Cross Functional Project Management,
Business,Project Management,Project Planning ,Information Systems Project Management ,
Business,Project Management,Project Planning ,Microsoft Project ,
Business,Project Management,Project Planning ,Customer Project Management,
Business,Project Management,Project Engineering ,Project Engineering  Managament ,
Business,Project Management,Project Engineering ,Approval Processes,
Business,Project Management,Scrum Masters,Agile,
Business,Project Management,Scrum Masters,Agile Methodology,
Business,Project Management,Scrum Masters,Agile Product Ownership,
Business,Project Management,Scrum Masters,Scrum Software Development,
Business,Project Management,Scrum Masters,Kanban,
Business,Project Management,Scrum Masters,Kanban Systems ,
Business,Project Management,Requirments Management ,Project Requirements ,
Business,Project Management,Requirments Management ,Supplier Sourcing,
Business,Project Management,Requirments Management ,Trade Compliance,
Business,Project Management,Requirments Management ,Demonstrations,
Business,Project Management,Stakeholder Engagement,Stakeholder Management,
Business,Project Management,Governance,Project Management Governance,
Business,Project Management,Governance,Project Controls,
Business,Project Management,Governance,Project Management Tools,
Business,Project Management,Governance,IT Project Leadership ,
Business,Project Management,Cost Management ,Cost Saving Projects ,
Business,Project Management,Cost Management ,Cost Savings ,
Business,Project Management,Cost Management ,Cost Reduction ,
Business,Project Management,Cost Management ,Operating Cost Reduction ,
Business,Project Management,Cost Management ,Cost Projections,
Business,Project Management,Cost Management ,Pricing Negotiations,
Business,Business Management,Enterprise Infrastructure Design,Enterprise Infrastructure,
Business,Business Management,Business Growth Strategy,Business Development,
Business,Business Management,Business Growth Strategy,Consulting,
Business,Business Management,Business Development,Business to Business Sales,
Business,Business Management,Process Improvement ,Business Process Development,
Business,Business Management,Information Management,Information Management Strategy,
Business,Business Management,Long-Term Goal Setting & Execution,Long Term Planning,
Business,Business Management,Law,Legal Research,
Business,Business Management,Law,Legal Support,
Business,Business Management,Business Strategy & Sales,Service Business Development,
Business,Business Management,Business Strategy & Sales,Sales Order  ,
Business,Business Management,Business Strategy & Sales,Sales Support,
Business,Business Management,Business Strategy & Sales,Sales,
Business,Business Management,Business Strategy & Sales,Sales Order Management,
Business,Business Management,Business Strategy & Sales,Solutions Selling,
Business,Business Management,Business Strategy & Sales,Strategic Advisory,
Business,Business Management,Business Strategy & Sales,Strategic Business Consulting,
Business,Business Management,Business Strategy & Sales,Strategic Business Development,
Business,Business Management,Business Strategy & Sales,Strategic Control,
Business,Business Management,Business Strategy & Sales,Strategic Insights,
Business,Business Management,Business Strategy & Sales,Strategic Objectives,
Business,Business Management,Business Strategy & Sales,Strategic Policy,
Business,Business Management,Business Strategy & Sales,Strategic Program Management,
Business,Business Management,Business Strategy & Sales,Strategic Programs,
Business,Business Management,Business Strategy & Sales,Strategic Risk Management,
Business,Business Management,Business Strategy & Sales,Strategic Business Focus,
Business,Business Management,Business Strategy & Sales,Strategic Business Reviews,
Business,Business Management,Business Strategy & Sales,Strategic Business Solutions,
Business,Business Management,Business Strategy & Sales,Strategic Business Units,
Business,Business Management,Business Strategy & Sales,Strategic Initiative Management,
Business,Business Management,Business Strategy & Sales,Strategy Development,
Business,Business Management,Business Strategy & Sales,Strategic Thinking,
Business,Business Management,Business Strategy & Sales,Partnership Management,
Business,Business Management,Business Operations ,RFP Process,
Business,Business Management,Business Operations ,Issue Management,
Business,Business Management,Business Operations ,Purchasing Processes,
Business,Business Management,Business Operations ,Contract Management,
Business,Business Management,Business Operations ,Business Processes,
Business,Business Management,Business Operations ,Operational Excellence,
Business,Business Management,Business Operations ,Operational Processes,
Business,Business Management,Business Operations ,Operational Design Management,
Business,Business Management,Business Operations ,Operational Process Improvement,
Business,Business Management,Business Operations ,Organisational Processes,
Business,Business Management,Business Operations ,Asset Mangement ,
Business,Business Management,Business Operations ,Asset Tracking ,
Business,Business Management,Business Operations ,Business Analysis ,
Business,Business Management,Business Operations ,Enterprise Resource Planning ,
Business,Business Management,Business Operations ,Enterprise System Management Software ,
Business,Business Management,Business Operations ,Enterprise Systems ,
Business,Business Management,Business Operations ,Kaizen(continues Improvement) ,
Business,Business Management,Business Operations ,Lean Intiatives,
Business,Business Management,Business Operations ,Procedural Documentation ,
Business,Business Management,Business Operations ,Recovery Planning,
Business,Business Management,Business Operations ,Requisitions,
Business,Business Management,Business Operations ,OEM Management ,
Business,Business Management,Sales Engineering,Pre Sales Engineering,
Business,Business Management,Sales Engineering,Pre Sales Technical Consulting,
Business,Business Management,Sales Engineering,Pre Sales Technical Support,
Business,Business Management,Sales Engineering,Technology Pre Sales,
Business,Business Management,Sales Engineering,Corprote Sales Management,
Business,Business Management,Customer Insights,Customer Needs,
Business,Business Management,Customer Insights,Customer Engagement,
Business,Business Management,Customer Insights,External Customers,
Business,Business Management,Customer Insights,Customer Follow ups,
Business,Business Management,Customer Insights,Customer Experience,
Business,Business Management,Customer Insights,Customer Experience Mapping,
Business,Business Management,Customer Insights,Customer Experience Optimising,
Business,Business Management,Customer Insights,Customer Experience Strategy,
Business,Business Management,Customer Insights,Customer Experience Training,
Business,Business Management,Customer Insights,Customer Journey,
Business,Business Management,Customer Insights,Customer Success Management,
Business,Business Management,Customer Insights,Customer Portals ,
Business,Business Management,Customer Insights,Customer Quries ,
Business,Business Management,Customer Insights,Customer Relationship Management ,
Business,Business Management,Customer Insights,Customer Resource Management ,
Business,Business Management,Customer Insights,Customer Satisfaction,
Business,Business Management,Customer Insights,Customer Service Relationship Management,
Business,Business Management,Customer Insights,Contract Negotiations,
Business,Business Management,Customer Insights,Contracts,
Business,Business Management,Customer Insights,Contractual Obligations,
Business,Business Management,Customer Insights,Customer Success,
Business,Business Management,Customer Insights,Service offerings,
Business,Business Management,Customer Insights,Business Communications,
Human Resource,Performance Management,Team Building & Performance Management,People Management,
Human Resource,Performance Management,Team Building & Performance Management,Employee Performance Evaluation,
Human Resource,Performance Management,Team Building & Development,Team Development,
Human Resource,Performance Management,Team Building & Development,Team Management,
Human Resource,Performance Management,Metrics Management,Performance Metrics,
Human Resource,Performance Management,Metrics Management,Review Process,
Human Resource,Performance Management,Work perfomance ,,
Human Resource,Talent Management,Career Development,,
Human Resource,Talent Management,Career Strategies,,
Human Resource,Learning and Development,Develop Training Programs,,
Human Resource,HRIS,Human Resources (HR) Technology,,
Human Resource,Learning and Development,Human Resources Management Training,,
Human Resource,Learning and Development,Human Resources Training,,
Human Resource,Learning and Development,Internal Training,,
Human Resource,Learning and Development,New Hire Training ,,
Human Resource,Operations,Leadership Communication,,
Human Resource,Operations,Leadership Consulting,,
Human Resource,Talent Management,Leadership Planning,,
Human Resource,Operations,Leadership Strategies,,
Human Resource,Learning and Development,Leadership Training and Development,,
Human Resource,Learning and Development,Learning and Development (L&D),,
Human Resource,Learning and Development,Learning Content Management Systems (LCMS),,
Human Resource,Learning and Development,Learning Management,,
Human Resource,Learning and Development,Learning Management Systems (LMS),,
Human Resource,Learning and Development,Learning Materials Development,,
Human Resource,Learning and Development,Learning Organization,,
Human Resource,Learning and Development,Learning Processes,,
Human Resource,Learning and Development,Learning Resources,,
Human Resource,Learning and Development,Learning Styles,,
Human Resource,Learning and Development,LinkedIn,,
Human Resource,Learning and Development,Management Trainings,Team Training,
Human Resource,Learning and Development,Instructional Design,,
Human Resource,Learning and Development,Recruitment Training,,
Human Resource,Learning and Development,Orientations,,
Human Resource,Talent Acquisition,Recruiting,,
Human Resource,Talent Acquisition,Talent Acquisition,,
Human Resource,Talent Acquisition,Talent Assessments,,
Human Resource,Talent Management,Talent Development,,
Human Resource,Talent Acquisition,Talent Recruitment,,
Human Resource,Talent Management,Talent Training,,
Human Resource,Talent Management,Remote Team Management,,
Human Resource,Talent Acquisition,Employee Recruitment,,
Human Resource,Talent Acquisition,Hiring,,
Human Resource,Talent Acquisition,Cold Calling,,
Human Resource,Talent Acquisition,Contract Recruiting,,
Human Resource,Talent Acquisition,Customer Retentions,,
Human Resource,Talent Acquisition,Direct Recruiting,,
Human Resource,Talent Acquisition,Executive Recruiting,,
Human Resource,Talent Acquisition,Healthcare Recruiting,,
Human Resource,Talent Acquisition,Recruiting Interviews,,
Human Resource,Talent Acquisition,Technical Recruitment,,
Human Resource,Talent Acquisition,Technology Recruiting,,
Human Resource,Learning and Development,Team Training,,
Human Resource,Learning and Development,Technical Training,,
Human Resource,Learning and Development,Training and Development,,
Human Resource,Learning and Development,Instructional Design,,
Human Resource,Learning and Development,Recruitment Training,,
Human Resource,Learning and Development,Knowledge Transfer ,,
Human Resource,Learning and Development,Career Development,,
Human Resource,Operations,Human Resources (HR) Data,,
Human Resource,Operations,Human Resources Administration,,
Human Resource,Operations,Human Resources Processes,,
Human Resource,Operations,Supervisory Skills,Supervision,
Human Resource,Operations,Government Operations,Federal Government,
Human Resource,HRIS,Workday HCM,,
Human Resource,HRIS,Workday Security,,
Human Resource,HRIS,Workday Benefits,,
Human Resource,HRIS,Workday EIB,,
Human Resource,HRIS,Workday Learning,Compliance Program,
Human Resource,HRIS,Workday Studio,,
Human Resource,HRIS,Workday Financial Management,,
Human Resource,HRIS,Workday Implementation,,
Human Resource,HRIS,Workday Integration,,
Human Resource,HRIS,Workday Payroll,,
Human Resource,HRIS,Workday Payroll Accounting,,
Human Resource,HRIS,Workday Planning,,
Human Resource,HRIS,Workday Recruiting,,
Human Resource,HRIS,Workday Workforce Planning,,
Human Resource,HRIS,Workday Worksheets,,
Human Resource,HRIS,Workday Workforce Planning,,
Human Resource,HRIS,HRIS Development,,
Human Resource,HRIS,Hris Implementations,,
Human Resource,HRIS,Human Resources Information Systems (HRIS) Administration,,
Human Resource,HRIS,Management Information Systems (MIS),,
Human Resource,HRIS,HRMIS,,
Human Resource,HRIS,Workday,,
Human Resource,HRIS,DocuSign,,
Human Resource,HRIS,Enterprise Resource Planning (ERP),,
Human Resource,Talent Acquisition,Recruitment Technology,,
Human Resource,Talent Acquisition,Contract Acquisitions,,
Human Resource,Talent Acquisition,Contract Management,,
Human Resource,Talent Acquisition,Contract Management System (CMS),,
Human Resource,Talent Acquisition,Contract Negotiations,,
Human Resource,Employee Relations,Conflict Resolution,,
Human Resource,Employee Relations,Interpersonal Relationship Management,,
Human Resource,Employee Relations,Interpersonal Relationship,,
Human Resource,Employee Relations,Employee Management,,
Human Resource,Benefits,Corporate Benefits,,
Human Resource,Benefits,Benefits Administration,,
Human Resource,Benefits,Benefits Compliance,,
Human Resource,Benefits,Benefits Management,,
Human Resource,Benefits,Benefits Plan Design,,
Human Resource,Benefits,Benefits Planning,,
Human Resource,Benefits,Benefits Strategy,,
Human Resource,Benefits,COBRA Administration,,
Transferable Skills,Professional Skills,Flexibility,Adaptability,
Transferable Skills,Professional Skills,Leadership,Collaborative Leadership,
Transferable Skills,Professional Skills,Leadership,Cross Team Collabration ,
Transferable Skills,Personal Skill,Creativity,Creative Design,
Transferable Skills,Personal Skill,Creativity,Solution Design,
Transferable Skills,Personal Skill,Language,Spanish,
Transferable Skills,Personal Skill,Culture,Cultural Awareness,
Transferable Skills,Personal Skill,Culture,Team Culture,
Transferable Skills,Personal Skill,Culture,Cultural Change,
Agricultural Skills,Personal Skill,Crop Management,Sowing,
Transferable Skills,Professional Skills,Creativity,2D Animations,
Transferable Skills,Professional Skills,Communications,Coaching,
Transferable Skills,Professional Skills,Communications,Event Planning,
Transferable Skills,Professional Skills,Communications,Social Networking,
Transferable Skills,Professional Skills,Communications,Interpersonal Communication,
Transferable Skills,Professional Skills,Communications,Herding Cats ,
Transferable Skills,Professional Skills,Communications,Electronic Mail ,
Transferable Skills,Professional Skills,Communications,Public Speaking ,
Transferable Skills,Professional Skills,Communications,Copy Editing,
Transferable Skills,Professional Skills,Communications,Editing Process,
Transferable Skills,Professional Skills,Communications,Empathy,
Transferable Skills,Professional Skills,Communications,Global Communications,
Transferable Skills,Professional Skills,Leadership,Team Management,
Transferable Skills,Professional Skills,Leadership,Offshore Team Management,
Transferable Skills,Professional Skills,Leadership,Remote Team Management,
Transferable Skills,Professional Skills,Leadership,Change Leadership,
Transferable Skills,Professional Skills,Leadership,Executive Leadership,
Transferable Skills,Professional Skills,Leadership,Cross-Functional Leadership,
Transferable Skills,Professional Skills,Leadership,Personal Leadership,
Transferable Skills,Professional Skills,Leadership,People LeaderShip,
Transferable Skills,Professional Skills,Leadership,InterPersonal LeaderShip ,
Transferable Skills,Professional Skills,Leadership,Strong InterPersonal LeaderShip ,
Transferable Skills,Professional Skills,Leadership,Departmental Leadership,
Transferable Skills,Professional Skills,Analytical Thinking,Decision Making,
Transferable Skills,Professional Skills,Analytical Thinking,Ethical Decision Making,
Transferable Skills,Professional Skills,Analytical Thinking,Proof Reading,
Transferable Skills,Professional Skills,Analytical Thinking,Design Changes,
Transferable Skills,Professional Skills,Analytical Thinking,Work Collaboratively,
Transferable Skills,Professional Skills,Accuracy & Precision,Process Implementations,
Transferable Skills,Professional Skills,Accuracy & Precision,Detail Oriented,
Transferable Skills,Professional Skills,Communications,Professional Ethics,
Transferable Skills,Professional Skills,Communications,Process Improvement,
Transferable Skills,Professional Skills,Communications,Customer Experience,
Transferable Skills,Professional Skills,Communications,Typing,
Transferable Skills,Professional Skills,Computer Basics,Computer Literacy,
Transferable Skills,Professional Skills,Collaboration,Team work,
Transferable Skills,Professional Skills,Planning,Time Management,
Transferable Skills,Professional Skills,Personal Development ,Critical Thinking,
Transferable Skills,Professional Skills,Personal Development ,Goal Setting ,
Transferable Skills,Hard Skills,Personal Development ,Presentation Design,
Transferable Skills,Hard Skills,Analytical Skills,Group Problem Solving ,
Transferable Skills,Hard Skills,Technical Communication ,Documentations,
Transferable Skills,Hard Skills,Analytical Skills,Core Values,
Transferable Skills,Professional Skills,Analytical Thinking,Ethical Decision Making,
Service Management,Service Management,Remedy ,,
Service Management,Service Management,Service Now,,
Service Management,Service Management,Microsoft Office,Power Point,
Service Management,Service Management,Microsoft Office,Excel,
Service Management,Service Management,Microsoft Office,Word,
Service Management,Service Management,Microsoft Office,MS Share Point,
Service Management,Service Management,Microsoft Office,MS Query,
Service Management,Service Management,Microsoft Office,MS Visio,
Service Management,Service Management,Microsoft Office,Microsoft PowerShell ,
Service Management,Service Management,Microsoft Office,Mircrosoft licensing ,
Service Management,Service Management,Microsoft Office,Microsoft PowerBI,
Service Management,Service Management,Microsoft Systems,Microsoft Systems Management Server,
Service Management,Service Management,Microsoft Systems,Microsoft Publisher,
Service Management,Service Management,Service Delivery Management,Service Delivery,
Service Management,Service Management,Service Delivery Management,Service Offerings,
Service Management,Service Management,IT Process Optimization ,Information Technology Efficiency ,
Service Management,Service Management,IT Process Optimization ,Information Technology Planning ,
Service Management,Service Management,IT Process Optimization ,IT Architecture ,
Service Management,Service Management,IT Process Optimization ,IT Asset Management ,
Service Management,Service Management,IT Process Optimization ,IT Complinece Management ,
Service Management,Service Management,IT Process Optimization ,IT Processes,
Service Management,Service Management,IT Process Optimization ,IT Organization ,
Service Management,Service Management,Infrastruture Management ,Infrastructure Engineering ,
Service Management,Service Management,Infrastruture Management ,Infrastructure Integration ,
Service Management,Service Management,Infrastruture Management ,Infrastruture  Projects ,
Service Management,Service Management,Infrastruture Management ,Infrastruture Services ,
Service Management,Service Management,Infrastruture Management ,Technology Infrastructure Management,
Service Management,Service Management,IT Infrastruture ,IT Infrastruture Design ,
Service Management,Service Management,IT Infrastruture ,IT Infrastruture Operations ,
Service Management,Service Management,IT Infrastruture ,Information Technology Information Library ,
Service Management,Service Management,IT Infrastruture ,IT Operation Management ,
Service Management,Service Management,IT Infrastruture ,Information Technology Administration,
Service Management,Service Management,IT Infrastruture ,Information Technology Business Strategies,
Service Management,Service Management,IT Infrastruture ,Information Technology Services,
Service Management,Service Management,IT Infrastruture ,IT Service Management,
Service Management,Service Management,IT Infrastruture ,ITIL Framework,
Service Management,Service Management,IT Infrastruture ,ITIL Process Implementation,
Service Management,Service Management,IT Infrastruture ,ITIL Configurations Management ,
Service Management,Service Management,IT Infrastruture ,ITIL Implementation ,
Service Management,Service Management,IT Infrastruture ,ITIL Methodologies ,
Service Management,Service Management,IT Infrastruture ,System Infrastruture ,
Service Management,Service Management,IT Infrastruture ,IT Service Operations ,
Service Management,Service Management,IT Infrastruture ,System Integration,
Service Management,Service Management,IT Infrastruture ,ITIL Processes,
Service Management,Service Management,IT Infrastruture ,ITIL Service Operations ,
Service Management,Service Management,IT Infrastruture ,ITIL Service Stategy ,
Service Management,Service Management,IT Infrastruture ,ITIL Service Transition ,
Service Management,Service Management,Procurement Management ,IT Purchasing ,
Service Management,Service Management,Procurement Management ,Price Quotes ,
Service Management,Service Management,Procurement Management ,Purchase Order Request,
Service Management,Service Management,Procurement Management ,Purchasing Controls,
Service Management,Service Management,Procurement Management ,Direct Purchasing,
Service Management,Service Management,Procurement Management ,Equipment Purchasing,
Service Management,Service Management,Procurement Management ,International Shipping,
Service Management,Service Management,Procurement Management ,Purchase Orders,
Service Management,Service Management,Procurement Management ,Purchasing Inventory Management,
Service Management,Service Management,Procurement Management ,Purchasing Materials,
Service Management,Service Management,Procurement Management ,Purchasing Software,
Service Management,Service Management,Procurement Management ,Sales Purchasing,
Service Management,Project Management,Smart sheet Administration,Smartsheet,
Service Management,Process Improvement,Lean Six Sigma Methodology,Lean Six Sigma,
Service Management,Process Improvement,Lean Six Sigma Methodology,Six Sigma ,
Service Management,Process Improvement,Lean Six Sigma Methodology,Six Sigma Processes,
Service Management,Process Improvement,Lean Six Sigma Methodology,DMAIC,
Service Management,Technical Skill,Troubleshooting Techniques & Methods,Troubleshooting,
Service Management,Technical Skill,Troubleshooting Techniques & Methods,Desktop Administration,
Service Management,Technical Skill,Troubleshooting Techniques & Methods,Global IT Support,
Service Management,Technical Skill,Troubleshooting Techniques & Methods,Helpdesk Support,
Service Management,Technical Skill,Troubleshooting Techniques & Methods,Remote Troubleshooting ,
Service Management,Technical Skill,Hardware Troubleshooting & Repair,Computer Hardware,
Service Management,Technical Skill,Hardware Troubleshooting & Repair,Computer Hardware Installation,
Service Management,Technical Skill,Hardware Troubleshooting & Repair,Computer System Engineering ,
Service Management,Technical Skill,Hardware Troubleshooting & Repair,Support Services,
Service Management,Technical Skill,Hardware Troubleshooting & Repair,IT Hardware Support ,
Service Management,Technical Skill,Hardware Troubleshooting & Repair,Troubleshooting Software,
Service Management,Technical Skill,Technical Support ,End User Support ,
Service Management,Marketing Strategy,Marketing Strategy & Development,Technical Marketing,
Service Management,Test Management ,Quality Assurance,Test Case Design,
Service Management,Knowledge Management,Quality Assurance,Auditing,
Service Management,Knowledge Management,Quality Assurance,SSAE 16 ,
Service Management,Configuration Management,Remedy,Test Documentation,
Service Management,Configuration Management,Service Now,Service Level Agreement,
Service Management,Configuration Management,Service Now,Service Levels,
Service Management,Configuration Management,Service Now,Service Now Catalog,
Service Management,Configuration Management,Service Now,Service Now Platform,
Service Management,Configuration Management,Service Now,Service Now IT Management,
Service Management,Configuration Management,Service Now,Change Management,
Service Management,Configuration Management,Service Now,Change Communication,
Service Management,Configuration Management,Service Now,Change Consulting,
Service Management,Configuration Management,Service Now,Change Control Process,
Service Management,Configuration Management,Service Now,Change Management Coaching,
Service Management,Configuration Management,Service Now,Change Management Process,
Service Management,Configuration Management,Service Now,Change Management Strategies,
Service Management,Configuration Management,Service Now,Global Change Management,
Service Management,Configuration Management,Service Now,Managing Change Request,
Service Management,Configuration Management,Service Now,Technology Change Management,
Service Management,Configuration Management,Service Now,Organising Change Management,
Service Management,Service Management,Incident Management,Incident Analysis,
Service Management,Service Management,Incident Management,Ticketing Tool ,
Service Management,Service Management,Incident Management,Incident Communication,
Service Management,Service Management,Incident Management,Incident Handling,
Service Management,Service Management,Incident Management,Incident Investigation,
Service Management,Service Management,Incident Management,Incident Management System ,
Service Management,Service Management,Incident Management,Incident Reporting,
Service Management,Service Management,Incident Management,Incident Response,
Service Management,Service Management,Incident Management,Security Incident Management,
Service Management,Service Management,Incident Management,IT Incident Management,
Service Management,Service Management,Incident Management,Major Incident Management ,
Service Management,Service Management,WorkForce Management,Work Force Management,
Service Management,Service Management,WorkForce Management,Work Force Planning,
Service Management,Service Management,WorkForce Management,Performance Dashboard,
Service Management,Service Now,Problem Management,Problem Analysis,
Service Management,Service Now,Problem Management,Problem Avoidance,
Service Management,Service Now,Problem Management,Problem Elimination,
Service Management,Service Now,Problem Management,Process Change,
Service Management,Service Now,Problem Management,Root Cause Problem Solving,
Service Management,Service Now,Problem Management,Root Cause Analysis ,
Service Management,Service Now,Problem Management,Technological Change,
Service Management,Configuration Management,"Atrium, FIT and ITAM",,
Service Management,Knowledge Management,Remedy ,,
Service Management,Knowledge Management,Service Now,Training Needs Assesment,
Service Management,Knowledge Management,Information Management ,Filing System ,
Service Management,Mechanical Flight,Aircraft,Aviation,
Service Management,Integration Management,Solution Components,Solution Integration,
Service Management,Supply Chain Management,Procurement,Ariba Supplier Network,
Service Management,Supply Chain Management,Procurement,Material Sourching ,
Service Management,Supply Chain Management,Procurement,Request For Proposal ,
Service Management,Supply Chain Management,Procurement,Request For Proposal Development ,
Service Management,Supply Chain Management,Procurement,RFQ Responses ,
Service Management,Supply Chain Management,Procurement,Sourcing & Procurement,
Service Management,Supply Chain Management,Procurement,Sourcing Strategies,
Service Management,Supply Chain Management,Inventory Control,Cycle Counting,
Service Management,Supply Chain Management,Inventory Control,Inventory Management,
Service Management,Supply Chain Management,Inventory Control,Physical Inventory,
Service Management,Supply Chain Management,Inventory Control,Good Receipts ,
Service Management,Supply Chain Management,Data Collection Technology,Handheld Scanners,
Service Management,Supply Chain Management,Shipping Management,Shipping,
Service Management,Supply Chain Management,Shipping Management,Shipping Documents,
Service Management,Supply Chain Management,Logistics ,Logistics Design,
Service Management,Supply Chain Management,Logistics ,Logistics Planning,
Service Management,Supply Chain Management,Logistics ,Logistics Supply Chain Management,
Service Management,Supply Chain Management,Logistics ,FedEx Shift Manager,
Service Management,Supply Chain Management,Logistics ,Freight Forwarding ,
Service Management,Supply Chain Management,Logistics ,Sap Logistics,
Service Management,Supply Chain Management,Logistics ,Third party logistic Management,
Service Management,Supply Chain Management,Logistics ,Reverse Logistics,
Service Management,Supply Chain Management,Logistics ,Distribution Logistics,
Service Management,Supply Chain Management,Logistics ,Dispatching ,
Service Management,Supply Chain Management,Logistics ,Customs Documentation ,
Service Management,Supply Chain Management,Logistics ,Export Documentation ,
Service Management,Supply Chain Management,Logistics ,Export Import Documentation ,
Service Management,Supply Chain Management,Logistics ,Exports ,
Service Management,Supply Chain Management,Logistics ,Freight ,
Service Management,Supply Chain Management,Logistics ,Global logistics ,
Service Management,Supply Chain Management,Logistics ,International Logistics ,
Service Management,Supply Chain Management,Logistics ,Logistic Control ,
Service Management,Supply Chain Management,Logistics ,Logistic Management ,
Service Management,Supply Chain Management,Logistics ,LTL Transportation ,
Service Management,Supply Chain Management,Logistics ,Route Optimization ,
Service Management,Supply Chain Management,WareHouse Management ,Warehouse Design,
Service Management,Supply Chain Management,WareHouse Management ,Warehouse Equipment,
Service Management,Supply Chain Management,WareHouse Management ,Warehouse Forklifts,
Service Management,Supply Chain Management,WareHouse Management ,Warehouse Inventory,
Service Management,Supply Chain Management,WareHouse Management ,Warehouse Inventory Control,
Service Management,Supply Chain Management,WareHouse Management ,Warehouse Inventory Management,
Service Management,Supply Chain Management,WareHouse Management ,Warehouse Layouts,
Service Management,Supply Chain Management,WareHouse Management ,Warehouse Logistics,
Service Management,Supply Chain Management,WareHouse Management ,Warehouse Management System Implementation,
Service Management,Supply Chain Management,WareHouse Management ,Warehouse Set Up,
Service Management,Supply Chain Management,WareHouse Management ,Warehousing Operations,
Service Management,Supply Chain Management,Data Collection Technology,Handheld Scanners,
Service Management,Supply Chain Management,Sourcing,Supplier Sourcing,
Service Management,Supply Chain Management,Sourcing,Vendor Sourcing,
Service Management,Vendor Management,Relationship Building,Vendor Relationships,
Service Management,Vendor Management,Relationship Building,Vendor Services,
Service Management,Vendor Management,Relationship Building,Multi Vendor,
Service Management,Vendor Management,Enterprise Software,Field Glass,
Service Management,Vendor Management,Enterprise Software,Sales Force,
Service Management,Vendor Management,Enterprise Software,SAP Tools,
Service Management,Vendor Management,Solutions Architecture,Enterprise Solution Architecture ,
Service Management,Vendor Management,Solutions Architecture,Enterprise SOlution Sales ,
Service Management,Asset Management,Asset Tracking Software,Asset Panda,
Service Management,Digital Management,Digital Marketing,Digital Media Signage,
Service Management,Digital Management,Digital Marketing,SMB Marketing ,
Service Management,Digital Management,Digital Developing,Digital Solutions,
Service Management,Applications,SAP,SAP Business Workflow,
Service Management,Applications,SAP,SAP EWM,
Service Management,Applications,SAP,SAP Functional,
Service Management,Applications,SAP,SAP Logistics Execution,
Service Management,Applications,SAP,SAP Training,
Service Management,Applications,SAP,SAP CRM Web UI,
Service Management,Applications,SAP,SAP Technology,
Service Management,Applications,SAP,SAP Workflows,
Service Management,Applications,SAP,SAP Advanced Planning and Optimization (SAP APO),
Service Management,Applications,SAP,SAP Materials Management (MM),
Service Management,Applications,SAP,SAP SD Functional,
Service Management,Applications,Tableau,Tableau,
Service Management,Applications,Developing,DC Systems,
Service Management,Applications,Developing,Enterprise Server,
Service Management,Regulatory Compliance,HIPAA Compliance,HIPAA Compliance,
Service Management,Metrics and Reporting,"Excel, Crystal, PowerPoint and MS Query",,
